Martina Holá,49
Jana Jemelíková,84
Alena Škorvagová,23
Štěpán Bušek,69
Lubomír Culka,37
Michaela Klapková,28
Lukáš Žoldák,42
Stanislava Randysová,45
Milan Podolák,14
Halina Kroužilová,55
Petra Zarevúcka,59
František Petrák,55
Irena Brodská,78
Lenka Durkáčová,45
Juraj Krňanský,44
David Pěček,71
Jaroslav Belán,76
Pavel Průša,12
Marcela Šedová,63
Josef Uher,72
Miloš Hlavoň,61
Věra Šerých,91
Dagmar Bartáková,33
Tereza Mynaříková,85
Marie Hocká,58
Jan Sýkora,59
Richard Smutný,77
Miroslav Musil,36
Pavla Hawliczková,68
Hana Štolfová,26
Petr Hevera,26
Yvona Antoníčková,8
Jiří Kánský,57
Ludmila Ježová,61
Zdeňka Kučerová,55
Václav Flegel,95
Veronika Řehořová,53
Jozef Beneš,41
Stanislav Viterna,37
Martin Hubáček,90
Karel Lukášek,34
Iveta Čiháková,21
Lucie Janečková,54
Mykola Jánek,42
Peter Pánek,64
Štefánia Badalová,70
Vojtěch Valenta,25
Dana Krátká,97
Tomáš Votípka,66
Adéla Šídlová,98
Ivana Čtvrtečková,24
Anna Vavřichová,28
Milena Junová,88
Kateřina Šmahelová,90
Iva Coxová,32
Michael Galia,89
Eva Součková,24
Helena Mušková,29
Michal Špiroch,81
Zdeněk Kubánek,27
Vladimír Rybníček,98
Andrzej Volf,9
Aneta Němcová,94
Aleš Špinar,85
Ladislav Kováč,59
Roman Kožušník,83
Jarmila Coblová,17
Jakub Houfek,96
Antonín Pomezný,34
Daniela Lauberová,26
Petr Václav Šnyrych,15
Milada Průšová,23
Jaroslava Šlosarová,26
Miloslav Chrpa,32
Marek Drbohlav,50
Sára Kříčková,30
Monika Fousková,65
Anežka Dostálková,19
Růžena Skalová,29
Tetyana Richterová,20
Pavlína Kolaříková,97
Olga Nováková,20
Ján Bříza,82
Marta Vejborová,31
Natálie Gažíková,59
Nina Rašková,16
Jitka Mudrlová,73
Zuzana Kalvachová,67
Denisa Střelková,70
Diana Siváková,50
Bohuslav Hruška,62
Daniel Janouch,82
Estera Třísková,72
Eliška Salvová,62
Bořivoj Slezák,50
Ondřej Švantner,49
Miroslava Frolichová,79
Božena Pietrová,76
Jiřina Uhrová,92
Markéta Jiráková,56
Pavel Macek,41
David Ligocký,25
Marie Hrbková,21
Karel Křivánek,95
Miroslav Nguyen,70
Josef Líbal,66
Eva Krátká,34
Alexei Bohata,54
Andrej Bohata,34
Petra Bejblová,33
Jiří Votruba,87
Michaela Coufalová,32
Vendula Jezberová,60
Vít Fuks,70
Anežka Knápková,32
František Popiolek,42
Petr Duna,23
Anatoly Gabriel,37
Zuzana Kolářová,35
Václav Zdražil,85
Jaroslav Hausner,70
Šárka Barešová,98
Jarmila Tilingerová,74
Kurt Sedlář,57
Drahomíra Sejrková,32
Jana Stehlíková,31
Zdeněk Frýdek,46
Jakub Novotný,24
Veronika Korecká,22
Jan Pavlov,93
Ladislav Benš,58
Hana Luhová,44
Šimon Horváth,8
Stanislav Jeřábek,32
Renata Řežábková,52
Ludmila Baťková,35
Iva Boušová,73
Anna Kabelková,68
Luboš Smital,60
Jitka Rožníčková,73
Marta Nováková,14
Jindřich Hyneš,56
Lenka Káninská,19
Vojtěch Horáček,27
Oldřich Dubový,45
Věra Zatloukalová,77
Aleš Krupka,16
Miluše Podnecká,79
Adriana Zsambová,9
Kateřina Špánková,45
Martin Polach,35
Milan Petržela,91
Ida Králíčková,36
Tomáš Zimák,14
Jindřiška Hofmanová,62
Michal Mikuláš,43
Iveta Vrzáčková,62
Dalibor Fišar,95
Vladimír Doležal,56
Lumír Buchner,40
Marcela Orlíková,69
Jaroslava Čížková,88
Jiřina Matějková,34
Tereza Pospíšilová,34
Martina Korbelová,43
Alena Knorová,82
Magdaléna Bělíková,24
Anděla Stuchlíková,31
Kristine Franziska Kábelová,60
Helena Beránková,57
Alois Šebor,43
Božena Kadeřábková,77
Elfrieda Blinková,79
Stanislava Kopřivová,61
Libuše Koláčková,88
Patrik Štěpánek,64
Filip Štěpán,31
Karolína Juhasová,88
Radek Pátek,24
Vlastimil Cerman,90
Antonín Kolbábek,80
Monika Hložková,90
Kristýna Vitoušová,62
Klaudie Hanzálková,48
Lucie Adamcová,18
Soňa Polívková,59
Roman Sachr,23
Růžena Steffanová,73
Libor Kotrba,53
Klára Hronová,32
Zděnka Stuchlá,33
Lukáš Maňák,50
Blanka Vykydalová,58
Phuong Ton,63
Luděk Schovánek,75
Markéta Votrubová,41
Romana Štosková,28
Ondřej Fiala,94
Květoslava Marková,14
Bohuslav Marić,11
Aneška Stříbrská,91
Tomáš Krnáč,33
Anežka Sochorková,22
Irena Trousilová,70
Jaroslava Ledecká,66
Lenka Hamplová,98
Agim Franc,25
Jana Chmelíková,97
Barbora Kostelková,15
Štěpán Pítr,37
Milan Zdráhal,66
Jaromír Pszczolka,16
Roman Jaňour,24
Pavel Langer,87
Miloslav Franek,22
Iveta Beranová,40
Marie Juklová,37
Jitka Mikudová,72
Eva Karfusová,88
Miroslav Krága,79
Věra Fillová,91
Petra Hanzalová,78
Josef Račan,77
František Gregor,65
Jiří Eschler,56
Bohumil Paksi,28
Růžena Kozáková,60
Bohuslava Pospíšilová,50
Hana Čapková,84
Martin Bukovjan,27
Jan Dolejš,42
Petr Vidmuch,56
Vítězslav Musálek,32
Václav Hornaj,46
Michal Piller,92
Jaroslav Mrázek,47
Dominika Oračková,60
Ida Korosová,58
Nela Galgonková,59
Zdeněk Orálek,98
Jakub Kolařík,23
Božena Koláčková,64
Matyáš Urban,36
Veronika Havlíková,69
Vladislav Honeš,66
Ivan Rus,71
Gabriela Václavková,68
Emil Bogáň,45
Miroslava Strnadová,39
Myroslav Mlynář,80
Aleš Vlasák,75
Dominik Delong,86
Vasyl Kubát,88
Zdenka Bardyová,47
Lucie Telvaková,91
Ngoc Tuong Obšel,28
Denisa Mertlová,35
Patrik Kaplita,16
Alena Duchatschová,87
Anna Horáková,43
Karel Trnka,17
Vladimír Dolák,51
Milada Hladká,64
Marek Zeman,43
David Petroš,46
Monika Svobodová,83
Lubomír Červený,88
Ludmila Chlumecká,94
Pavlína Stejskalová,88
Yvona Folková,68
Eliška Hinnerová,16
Kateřina Hrdá,67
Lukáš Dobeš,94
Libuše Buryšková,35
Ondřej Návara,19
Martina Rytířová,15
Zdeňka Koutná,45
Tereza Hubená,34
Robert Bořil,80
Julie Homolová,90
Klára Chludová,19
Filoména Bulíčková,36
Pavol Konštacký,92
Michaela Michálková,16
Judita Těšínská,39
Silvia Stránská,52
Ladislav Baník,10
Jarmila Molíková,34
Oldřich Kouba,90
Vlasta Hančlová,68
Zdena Hojná,92
Oleksandr Kotrla,12
Antonie Sukdolová,46
Kristýna Hofmanová,40
Viola Vopatová,40
Nikola Milfaitová,14
Vendula Dobešová,34
Bohuslav Král,83
Pavla Dvořáková,62
Bedřiška Piterková,63
Vojtěch Škoda,93
