Martina Holá;01.06.1974
Jana Jemelíková;15.07.1939
Alena Škorvagová;05.06.2000
Štěpán Bušek;15.08.1954
Lubomír Culka;26.01.1986
Michaela Klapková;26.09.1995
Lukáš Žoldák;17.10.1981
Stanislava Randysová;27.08.1978
Milan Podolák;15.09.2009
Halina Kroužilová;12.09.1968
Petra Zarevúcka;25.08.1964
František Petrák;01.11.1968
Irena Brodská;25.02.1945
Lenka Durkáčová;22.07.1978
Juraj Krňanský;10.10.1979
David Pěček;08.03.1952
Jaroslav Belán;21.02.1947
Pavel Průša;03.10.2011
Marcela Šedová;10.06.1960
Josef Uher;04.09.1951
Miloš Hlavoň;08.06.1962
Věra Šerých;08.05.1932
Dagmar Bartáková;09.01.1990
Tereza Mynaříková;13.04.1938
Marie Hocká;07.07.1965
Jan Sýkora;23.01.1964
Richard Smutný;08.06.1946
Miroslav Musil;12.05.1987
Pavla Hawliczková;25.04.1955
Hana Štolfová;22.10.1997
Petr Hevera;15.10.1997
Yvona Antoníčková;22.09.2015
Jiří Kánský;02.08.1966
Ludmila Ježová;01.03.1962
Zdeňka Kučerová;25.08.1968
Václav Flegel;21.12.1928
Veronika Řehořová;04.10.1970
Jozef Beneš;15.03.1982
Stanislav Viterna;16.03.1986
Martin Hubáček;23.05.1933
Karel Lukášek;02.10.1989
Iveta Čiháková;28.08.2002
Lucie Janečková;03.11.1969
Mykola Jánek;08.09.1981
Peter Pánek;25.04.1959
Štefánia Badalová;05.04.1953
Vojtěch Valenta;12.01.1998
Dana Krátká;23.08.1926
Tomáš Votípka;22.01.1957
Adéla Šídlová;31.10.1925
Ivana Čtvrtečková;17.01.1999
Anna Vavřichová;24.05.1995
Milena Junová;29.07.1935
Kateřina Šmahelová;25.09.1933
Iva Coxová;22.01.1991
Michael Galia;02.11.1934
Eva Součková;06.12.1999
Helena Mušková;17.02.1994
Michal Špiroch;23.12.1942
Zdeněk Kubánek;15.12.1996
Vladimír Rybníček;21.02.1925
Andrzej Volf;02.10.2014
Aneta Němcová;14.01.1929
Aleš Špinar;28.08.1938
Ladislav Kováč;28.02.1964
Roman Kožušník;18.02.1940
Jarmila Coblová;31.10.2006
Jakub Houfek;30.04.1927
Antonín Pomezný;16.08.1989
Daniela Lauberová;06.09.1997
Petr Václav Šnyrych;09.04.2008
Milada Průšová;16.12.2000
Jaroslava Šlosarová;30.10.1997
Miloslav Chrpa;19.10.1991
Marek Drbohlav;08.11.1973
Sára Kříčková;06.05.1993
Monika Fousková;09.11.1958
Anežka Dostálková;21.10.2004
Růžena Skalová;04.02.1994
Tetyana Richterová;05.06.2003
Pavlína Kolaříková;10.03.1926
Olga Nováková;28.11.2003
Ján Bříza;28.02.1941
Marta Vejborová;24.01.1992
Natálie Gažíková;23.10.1964
Nina Rašková;01.06.2007
Jitka Mudrlová;14.01.1950
Zuzana Kalvachová;18.12.1956
Denisa Střelková;11.05.1953
Diana Siváková;05.04.1973
Bohuslav Hruška;06.01.1961
Daniel Janouch;18.04.1941
Estera Třísková;02.02.1951
Eliška Salvová;14.10.1961
Bořivoj Slezák;14.03.1973
Ondřej Švantner;18.07.1974
Miroslava Frolichová;01.05.1944
Božena Pietrová;07.01.1947
Jiřina Uhrová;21.01.1931
Markéta Jiráková;02.01.1967
Pavel Macek;18.03.1982
David Ligocký;06.09.1998
Marie Hrbková;19.08.2002
Karel Křivánek;16.05.1928
Miroslav Nguyen;30.08.1953
Josef Líbal;11.05.1957
Eva Krátká;07.09.1989
Alexei Bohata;23.05.1969
Andrej Bohata;25.07.1989
Petra Bejblová;30.07.1990
Jiří Votruba;11.07.1936
Michaela Coufalová;12.06.1991
Vendula Jezberová;31.03.1963
Vít Fuks;19.11.1953
Anežka Knápková;21.02.1991
František Popiolek;05.01.1981
Petr Duna;04.07.2000
Anatoly Gabriel;09.11.1986
Zuzana Kolářová;22.01.1988
Václav Zdražil;21.10.1938
Jaroslav Hausner;09.05.1953
Šárka Barešová;21.01.1925
Jarmila Tilingerová;22.09.1949
Kurt Sedlář;03.02.1966
Drahomíra Sejrková;08.05.1991
Jana Stehlíková;29.01.1992
Zdeněk Frýdek;11.02.1977
Jakub Novotný;30.04.1999
Veronika Korecká;09.08.2001
Jan Pavlov;21.07.1930
Ladislav Benš;24.10.1965
Hana Luhová;30.04.1979
Šimon Horváth;16.09.2015
Stanislav Jeřábek;05.12.1991
Renata Řežábková;10.01.1971
Ludmila Baťková;15.02.1988
Iva Boušová;16.10.1950
Anna Kabelková;06.11.1955
Luboš Smital;15.10.1963
Jitka Rožníčková;20.07.1950
Marta Nováková;30.06.2009
Jindřich Hyneš;04.11.1967
Lenka Káninská;10.01.2004
Vojtěch Horáček;18.12.1996
Oldřich Dubový;10.02.1978
Věra Zatloukalová;14.12.1946
Aleš Krupka;27.08.2007
Miluše Podnecká;01.09.1944
Adriana Zsambová;19.11.2014
Kateřina Špánková;23.01.1978
Martin Polach;22.02.1988
Milan Petržela;01.07.1932
Ida Králíčková;29.05.1987
Tomáš Zimák;09.03.2009
Jindřiška Hofmanová;13.04.1961
Michal Mikuláš;25.06.1980
Iveta Vrzáčková;29.09.1961
Dalibor Fišar;29.10.1928
Vladimír Doležal;23.10.1967
Lumír Buchner;17.05.1983
Marcela Orlíková;09.07.1954
Jaroslava Čížková;05.02.1935
Jiřina Matějková;06.06.1989
Tereza Pospíšilová;29.11.1989
Martina Korbelová;02.03.1980
Alena Knorová;10.10.1941
Magdaléna Bělíková;12.01.1999
Anděla Stuchlíková;17.07.1992
Kristine Franziska Kábelová;16.06.1963
Helena Beránková;22.10.1966
Alois Šebor;04.01.1980
Božena Kadeřábková;10.10.1946
Elfrieda Blinková;23.06.1944
Stanislava Kopřivová;25.10.1962
Libuše Koláčková;23.09.1935
Patrik Štěpánek;14.10.1959
Filip Štěpán;29.07.1992
Karolína Juhasová;09.12.1935
Radek Pátek;24.05.1999
Vlastimil Cerman;09.12.1933
Antonín Kolbábek;13.05.1943
Monika Hložková;15.08.1933
Kristýna Vitoušová;09.07.1961
Klaudie Hanzálková;01.05.1975
Lucie Adamcová;30.03.2005
Soňa Polívková;26.02.1964
Roman Sachr;15.11.2000
Růžena Steffanová;15.03.1950
Libor Kotrba;24.04.1970
Klára Hronová;15.11.1991
Zděnka Stuchlá;13.05.1990
Lukáš Maňák;05.06.1973
Blanka Vykydalová;27.12.1965
Phuong Ton;15.05.1960
Luděk Schovánek;02.10.1948
Markéta Votrubová;02.10.1982
Romana Štosková;06.01.1995
Ondřej Fiala;24.07.1929
Květoslava Marková;01.04.2009
Bohuslav Marić;13.09.2012
Aneška Stříbrská;15.09.1932
Tomáš Krnáč;19.03.1990
Anežka Sochorková;11.11.2001
Irena Trousilová;31.05.1953
Jaroslava Ledecká;08.04.1957
Lenka Hamplová;16.08.1925
Agim Franc;05.08.1998
Jana Chmelíková;11.10.1926
Barbora Kostelková;15.02.2008
Štěpán Pítr;19.04.1986
Milan Zdráhal;09.10.1957
Jaromír Pszczolka;21.01.2007
Roman Jaňour;08.08.1999
Pavel Langer;08.01.1936
Miloslav Franek;10.12.2001
Iveta Beranová;20.11.1983
Marie Juklová;28.02.1986
Jitka Mikudová;19.08.1951
Eva Karfusová;25.12.1935
Miroslav Krága;10.03.1944
Věra Fillová;17.05.1932
Petra Hanzalová;01.09.1945
Josef Račan;22.06.1946
František Gregor;08.08.1958
Jiří Eschler;06.11.1967
Bohumil Paksi;31.10.1995
Růžena Kozáková;27.09.1963
Bohuslava Pospíšilová;29.11.1973
Hana Čapková;12.09.1939
Martin Bukovjan;24.01.1996
Jan Dolejš;31.03.1981
Petr Vidmuch;14.10.1967
Vítězslav Musálek;17.09.1991
Václav Hornaj;18.08.1977
Michal Piller;17.07.1931
Jaroslav Mrázek;24.12.1976
Dominika Oračková;30.03.1963
Ida Korosová;30.07.1965
Nela Galgonková;25.11.1964
Zdeněk Orálek;18.06.1925
Jakub Kolařík;06.02.2000
Božena Koláčková;06.07.1959
Matyáš Urban;04.08.1987
Veronika Havlíková;08.11.1954
Vladislav Honeš;22.04.1957
Ivan Rus;20.07.1952
Gabriela Václavková;24.08.1955
Emil Bogáň;04.11.1978
Miroslava Strnadová;17.12.1984
Myroslav Mlynář;27.08.1943
Aleš Vlasák;12.06.1948
Dominik Delong;03.04.1937
Vasyl Kubát;13.03.1935
Zdenka Bardyová;26.11.1976
Lucie Telvaková;02.10.1932
Ngoc Tuong Obšel;11.06.1995
Denisa Mertlová;03.01.1988
Patrik Kaplita;20.07.2007
Alena Duchatschová;26.04.1936
Anna Horáková;03.02.1980
Karel Trnka;30.07.2006
Vladimír Dolák;23.09.1972
Milada Hladká;20.05.1959
Marek Zeman;17.01.1980
David Petroš;06.07.1977
Monika Svobodová;07.03.1940
Lubomír Červený;16.11.1935
Ludmila Chlumecká;18.08.1929
Pavlína Stejskalová;05.11.1935
Yvona Folková;27.05.1955
Eliška Hinnerová;05.10.2007
Kateřina Hrdá;25.01.1956
Lukáš Dobeš;03.05.1929
Libuše Buryšková;16.06.1988
Ondřej Návara;10.06.2004
Martina Rytířová;17.12.2008
Zdeňka Koutná;06.12.1978
Tereza Hubená;13.10.1989
Robert Bořil;11.11.1943
Julie Homolová;02.04.1933
Klára Chludová;02.01.2004
Filoména Bulíčková;01.10.1987
Pavol Konštacký;06.11.1931
Michaela Michálková;05.11.2007
Judita Těšínská;12.02.1984
Silvia Stránská;28.06.1971
Ladislav Baník;08.05.2013
Jarmila Molíková;21.12.1989
Oldřich Kouba;28.06.1933
Vlasta Hančlová;22.09.1955
Zdena Hojná;26.01.1931
Oleksandr Kotrla;21.06.2011
Antonie Sukdolová;01.02.1977
Kristýna Hofmanová;27.03.1983
Viola Vopatová;12.04.1983
Nikola Milfaitová;15.01.2009
Vendula Dobešová;07.03.1989
Bohuslav Král;11.02.1940
Pavla Dvořáková;15.08.1961
Bedřiška Piterková;30.11.1960
Vojtěch Škoda;24.06.1930